{
    "FWHMs": {
        "XR100T_CdTe": [
            [
                4.745572041598475,
                4.709346312569562,
                4.806036865512623,
                4.780970857709136,
                4.827428435586539
            ],
            [
                5.214344012546715,
                5.030465695075649,
                4.981543233480625,
                5.160658358194094,
                5.02071656456352
            ],
            [
                8.567943155689573,
                8.523089146431527,
                8.486459629522303,
                8.44889960439504,
                8.566170397945443
            ]
        ],
        "XR100CR_Si": [
            [
                3.517282999285812,
                3.5049829956292498,
                3.6019586119396694,
                3.5901972043621315,
                3.520309608774421
            ],
            [
                3.9172570495775325,
                3.942348181340336,
                3.8133762680633865,
                3.9016782838854924,
                3.7395811531885466
            ],
            [
                5.493172375614343,
                5.629802172423902,
                5.224344485417849,
                5.177407940309386,
                5.4370566567865
            ]
        ]
    },
    "Count_rates": {
        "XR100T_CdTe": [
            [
                345.81162939436445,
                358.1040136370623,
                631.231983400101,
                341.639819516736,
                303.6591858273813
            ],
            [
                446.40447218724194,
                460.4149806158959,
                774.7809156611663,
                437.9206779827743,
                377.0261985435321
            ],
            [
                998.5676032094897,
                1068.3634225478977,
                1850.6981933523907,
                1016.5305837894083,
                913.2774769584968
            ]
        ],
        "XR100CR_Si": [
            [
                154.83367654463788,
                146.7592038781231,
                88.72682129179209,
                161.01469818704086,
                175.9613531795857
            ],
            [
                136.35974611362022,
                131.25656760001414,
                74.53633651640644,
                139.68798038351866,
                152.62183158906717
            ],
            [
                17.187353075651494,
                16.983338268790366,
                9.264811022561615,
                16.427531235078487,
                20.188526940896594
            ]
        ]
    }
}